category,name,description,price
Type,Pokemon,"a cute pokemon that is hard to catch, while it's free",6.87
Grass,Bulbasaur,"a cute pokemon that is hard to catch, while it's free",9.67
Grass,Ivysaur,"a cute pokemon that is hard to catch, while it's free",54.87
Grass,Venusaur,"a cute pokemon that is hard to catch, while it's free",45.7
Fire,Charmander,"a cute pokemon that is hard to catch, while it's free",34.45
Fire,Charmeleon,"a cute pokemon that is hard to catch, while it's free",62.56
Fire,Charizard,"a cute pokemon that is hard to catch, while it's free",4.67
Water,Squirtle,"a cute pokemon that is hard to catch, while it's free",2.45
Water,Wartortle,"a cute pokemon that is hard to catch, while it's free",87.43
Water,Blastoise,"a cute pokemon that is hard to catch, while it's free",23.9
Bug,Caterpie,"a cute pokemon that is hard to catch, while it's free",23.78
Bug,Metapod,"a cute pokemon that is hard to catch, while it's free",13.34
Bug,Butterfree,"a cute pokemon that is hard to catch, while it's free",15.57
Bug,Weedle,"a cute pokemon that is hard to catch, while it's free",26.97
Bug,Kakuna,"a cute pokemon that is hard to catch, while it's free",87.93
Bug,Beedrill,"a cute pokemon that is hard to catch, while it's free",1.67
Normal,Pidgey,"a cute pokemon that is hard to catch, while it's free",4.89
Normal,Pidgeotto,"a cute pokemon that is hard to catch, while it's free",5.43
Normal,Pidgeot,"a cute pokemon that is hard to catch, while it's free",8.23
Normal,Rattata,"a cute pokemon that is hard to catch, while it's free",24.68
Normal,Raticate,"a cute pokemon that is hard to catch, while it's free",9.53
Normal,Spearow,"a cute pokemon that is hard to catch, while it's free",17.32
Normal,Fearow,"a cute pokemon that is hard to catch, while it's free",83.37
Poison,Ekans,"a cute pokemon that is hard to catch, while it's free",32.87
Poison,Arbok,"a cute pokemon that is hard to catch, while it's free",6.87
Electric,Pikachu,"a cute pokemon that is hard to catch, while it's free",9.67
Electric,Raichu,"a cute pokemon that is hard to catch, while it's free",54.87
Ground,Sandshrew,"a cute pokemon that is hard to catch, while it's free",45.7
Ground,Sandslash,"a cute pokemon that is hard to catch, while it's free",34.45
Poison,Nidoran,"a cute pokemon that is hard to catch, while it's free",62.56
Poison,Nidorina,"a cute pokemon that is hard to catch, while it's free",4.67
Poison,Nidoqueen,"a cute pokemon that is hard to catch, while it's free",2.45
Poison,Nidoranâ™‚,"a cute pokemon that is hard to catch, while it's free",87.43
Poison,Nidorino,"a cute pokemon that is hard to catch, while it's free",23.9
Poison,Nidoking,"a cute pokemon that is hard to catch, while it's free",23.78
Fairy,Clefairy,"a cute pokemon that is hard to catch, while it's free",13.34
Fairy,Clefable,"a cute pokemon that is hard to catch, while it's free",15.57
Fire,Vulpix,"a cute pokemon that is hard to catch, while it's free",26.97
Fire,Ninetales,"a cute pokemon that is hard to catch, while it's free",87.93
Normal,Jigglypuff,"a cute pokemon that is hard to catch, while it's free",1.67
Normal,Wigglytuff,"a cute pokemon that is hard to catch, while it's free",4.89
Poison,Zubat,"a cute pokemon that is hard to catch, while it's free",5.43
Poison,Golbat,"a cute pokemon that is hard to catch, while it's free",8.23
Grass,Oddish,"a cute pokemon that is hard to catch, while it's free",24.68
Grass,Gloom,"a cute pokemon that is hard to catch, while it's free",9.53
Grass,Vileplume,"a cute pokemon that is hard to catch, while it's free",17.32
Bug,Paras,"a cute pokemon that is hard to catch, while it's free",83.37
Bug,Parasect,"a cute pokemon that is hard to catch, while it's free",32.87
Bug,Venonat,"a cute pokemon that is hard to catch, while it's free",6.87
Bug,Venomoth,"a cute pokemon that is hard to catch, while it's free",9.67
Ground,Diglett,"a cute pokemon that is hard to catch, while it's free",54.87
Ground,Dugtrio,"a cute pokemon that is hard to catch, while it's free",45.7
Normal,Meowth,"a cute pokemon that is hard to catch, while it's free",34.45
Normal,Persian,"a cute pokemon that is hard to catch, while it's free",62.56
Water,Psyduck,"a cute pokemon that is hard to catch, while it's free",4.67
Water,Golduck,"a cute pokemon that is hard to catch, while it's free",2.45
Fighting,Mankey,"a cute pokemon that is hard to catch, while it's free",87.43
Fighting,Primeape,"a cute pokemon that is hard to catch, while it's free",23.9
Fire,Growlithe,"a cute pokemon that is hard to catch, while it's free",23.78
Fire,Arcanine,"a cute pokemon that is hard to catch, while it's free",13.34
Water,Poliwag,"a cute pokemon that is hard to catch, while it's free",15.57
Water,Poliwhirl,"a cute pokemon that is hard to catch, while it's free",26.97
Water,Poliwrath,"a cute pokemon that is hard to catch, while it's free",87.93
Psychic,Abra,"a cute pokemon that is hard to catch, while it's free",1.67
Psychic,Kadabra,"a cute pokemon that is hard to catch, while it's free",4.89
Psychic,Alakazam,"a cute pokemon that is hard to catch, while it's free",5.43
Fighting,Machop,"a cute pokemon that is hard to catch, while it's free",8.23
Fighting,Machoke,"a cute pokemon that is hard to catch, while it's free",24.68
Fighting,Machamp,"a cute pokemon that is hard to catch, while it's free",9.53
Grass,Bellsprout,"a cute pokemon that is hard to catch, while it's free",17.32
Grass,Weepinbell,"a cute pokemon that is hard to catch, while it's free",83.37
Grass,Victreebel,"a cute pokemon that is hard to catch, while it's free",32.87
Water,Tentacool,"a cute pokemon that is hard to catch, while it's free",6.87
Water,Tentacruel,"a cute pokemon that is hard to catch, while it's free",9.67
Rock,Geodude,"a cute pokemon that is hard to catch, while it's free",54.87
Rock,Graveler,"a cute pokemon that is hard to catch, while it's free",45.7
Rock,Golem,"a cute pokemon that is hard to catch, while it's free",34.45
Fire,Ponyta,"a cute pokemon that is hard to catch, while it's free",62.56
Fire,Rapidash,"a cute pokemon that is hard to catch, while it's free",4.67
Water,Slowpoke,"a cute pokemon that is hard to catch, while it's free",2.45
Water,Slowbro,"a cute pokemon that is hard to catch, while it's free",87.43
Electric,Magnemite,"a cute pokemon that is hard to catch, while it's free",23.9
Electric,Magneton,"a cute pokemon that is hard to catch, while it's free",23.78
Normal,Farfetch'd,"a cute pokemon that is hard to catch, while it's free",13.34
Normal,Doduo,"a cute pokemon that is hard to catch, while it's free",15.57
Normal,Dodrio,"a cute pokemon that is hard to catch, while it's free",26.97
Water,Seel,"a cute pokemon that is hard to catch, while it's free",87.93
Water,Dewgong,"a cute pokemon that is hard to catch, while it's free",1.67
Poison,Grimer,"a cute pokemon that is hard to catch, while it's free",4.89
Poison,Muk,"a cute pokemon that is hard to catch, while it's free",5.43
Water,Shellder,"a cute pokemon that is hard to catch, while it's free",8.23
Water,Cloyster,"a cute pokemon that is hard to catch, while it's free",24.68
Ghost,Gastly,"a cute pokemon that is hard to catch, while it's free",9.53
Ghost,Haunter,"a cute pokemon that is hard to catch, while it's free",17.32
Ghost,Gengar,"a cute pokemon that is hard to catch, while it's free",83.37
Rock,Onix,"a cute pokemon that is hard to catch, while it's free",32.87
Psychic,Drowzee,"a cute pokemon that is hard to catch, while it's free",6.87
Psychic,Hypno,"a cute pokemon that is hard to catch, while it's free",9.67
Water,Krabby,"a cute pokemon that is hard to catch, while it's free",54.87
Water,Kingler,"a cute pokemon that is hard to catch, while it's free",45.7
Electric,Voltorb,"a cute pokemon that is hard to catch, while it's free",34.45
Electric,Electrode,"a cute pokemon that is hard to catch, while it's free",62.56
Grass,Exeggcute,"a cute pokemon that is hard to catch, while it's free",4.67
Grass,Exeggutor,"a cute pokemon that is hard to catch, while it's free",2.45
Ground,Cubone,"a cute pokemon that is hard to catch, while it's free",87.43
Ground,Marowak,"a cute pokemon that is hard to catch, while it's free",23.9
Fighting,Hitmonlee,"a cute pokemon that is hard to catch, while it's free",23.78
Fighting,Hitmonchan,"a cute pokemon that is hard to catch, while it's free",13.34
Normal,Lickitung,"a cute pokemon that is hard to catch, while it's free",15.57
Poison,Koffing,"a cute pokemon that is hard to catch, while it's free",26.97
Poison,Weezing,"a cute pokemon that is hard to catch, while it's free",87.93
Ground,Rhyhorn,"a cute pokemon that is hard to catch, while it's free",1.67
Ground,Rhydon,"a cute pokemon that is hard to catch, while it's free",4.89
Normal,Chansey,"a cute pokemon that is hard to catch, while it's free",5.43
Grass,Tangela,"a cute pokemon that is hard to catch, while it's free",8.23
Normal,Kangaskhan,"a cute pokemon that is hard to catch, while it's free",24.68
Water,Horsea,"a cute pokemon that is hard to catch, while it's free",9.53
Water,Seadra,"a cute pokemon that is hard to catch, while it's free",17.32
Water,Goldeen,"a cute pokemon that is hard to catch, while it's free",83.37
Water,Seaking,"a cute pokemon that is hard to catch, while it's free",32.87
Water,Staryu,"a cute pokemon that is hard to catch, while it's free",6.87
Water,Starmie,"a cute pokemon that is hard to catch, while it's free",9.67
Psychic,Mr. Mime,"a cute pokemon that is hard to catch, while it's free",54.87
Bug,Scyther,"a cute pokemon that is hard to catch, while it's free",45.7
Ice,Jynx,"a cute pokemon that is hard to catch, while it's free",34.45
Electric,Electabuzz,"a cute pokemon that is hard to catch, while it's free",62.56
Fire,Magmar,"a cute pokemon that is hard to catch, while it's free",4.67
Bug,Pinsir,"a cute pokemon that is hard to catch, while it's free",2.45
Normal,Tauros,"a cute pokemon that is hard to catch, while it's free",87.43
Water,Magikarp,"a cute pokemon that is hard to catch, while it's free",23.9
Water,Gyarados,"a cute pokemon that is hard to catch, while it's free",23.78
Water,Lapras,"a cute pokemon that is hard to catch, while it's free",13.34
Normal,Ditto,"a cute pokemon that is hard to catch, while it's free",15.57
Normal,Eevee,"a cute pokemon that is hard to catch, while it's free",26.97
Water,Vaporeon,"a cute pokemon that is hard to catch, while it's free",87.93
Electric,Jolteon,"a cute pokemon that is hard to catch, while it's free",1.67
Fire,Flareon,"a cute pokemon that is hard to catch, while it's free",4.89
Normal,Porygon,"a cute pokemon that is hard to catch, while it's free",5.43
Rock,Omanyte,"a cute pokemon that is hard to catch, while it's free",8.23
Rock,Omastar,"a cute pokemon that is hard to catch, while it's free",24.68
Rock,Kabuto,"a cute pokemon that is hard to catch, while it's free",9.53
Rock,Kabutops,"a cute pokemon that is hard to catch, while it's free",17.32
Rock,Aerodactyl,"a cute pokemon that is hard to catch, while it's free",83.37
Normal,Snorlax,"a cute pokemon that is hard to catch, while it's free",32.87
Ice,Articuno,"a cute pokemon that is hard to catch, while it's free",6.87
Electric,Zapdos,"a cute pokemon that is hard to catch, while it's free",9.67
Fire,Moltres,"a cute pokemon that is hard to catch, while it's free",54.87
Dragon,Dratini,"a cute pokemon that is hard to catch, while it's free",45.7
Dragon,Dragonair,"a cute pokemon that is hard to catch, while it's free",34.45
Dragon,Dragonite,"a cute pokemon that is hard to catch, while it's free",62.56
Psychic,Mewtwo,"a cute pokemon that is hard to catch, while it's free",4.67
Psychic,Mew,"a cute pokemon that is hard to catch, while it's free",2.45
Grass,Chikorita,"a cute pokemon that is hard to catch, while it's free",87.43
Grass,Bayleef,"a cute pokemon that is hard to catch, while it's free",23.9
Grass,Meganium,"a cute pokemon that is hard to catch, while it's free",23.78
Fire,Cyndaquil,"a cute pokemon that is hard to catch, while it's free",13.34
Fire,Quilava,"a cute pokemon that is hard to catch, while it's free",15.57
Fire,Typhlosion,"a cute pokemon that is hard to catch, while it's free",26.97
Water,Totodile,"a cute pokemon that is hard to catch, while it's free",87.93
Water,Croconaw,"a cute pokemon that is hard to catch, while it's free",1.67
Water,Feraligatr,"a cute pokemon that is hard to catch, while it's free",4.89
Normal,Sentret,"a cute pokemon that is hard to catch, while it's free",5.43
Normal,Furret,"a cute pokemon that is hard to catch, while it's free",8.23
Normal,Hoothoot,"a cute pokemon that is hard to catch, while it's free",24.68
Normal,Noctowl,"a cute pokemon that is hard to catch, while it's free",9.53
Bug,Ledyba,"a cute pokemon that is hard to catch, while it's free",17.32
Bug,Ledian,"a cute pokemon that is hard to catch, while it's free",83.37
Bug,Spinarak,"a cute pokemon that is hard to catch, while it's free",32.87
Bug,Ariados,"a cute pokemon that is hard to catch, while it's free",6.87
Poison,Crobat,"a cute pokemon that is hard to catch, while it's free",9.67
Water,Chinchou,"a cute pokemon that is hard to catch, while it's free",54.87
Water,Lanturn,"a cute pokemon that is hard to catch, while it's free",45.7
Electric,Pichu,"a cute pokemon that is hard to catch, while it's free",34.45
Fairy,Cleffa,"a cute pokemon that is hard to catch, while it's free",62.56
Normal,Igglybuff,"a cute pokemon that is hard to catch, while it's free",4.67
Fairy,Togepi,"a cute pokemon that is hard to catch, while it's free",2.45
Fairy,Togetic,"a cute pokemon that is hard to catch, while it's free",87.43
Psychic,Natu,"a cute pokemon that is hard to catch, while it's free",23.9
Psychic,Xatu,"a cute pokemon that is hard to catch, while it's free",23.78
Electric,Mareep,"a cute pokemon that is hard to catch, while it's free",13.34
Electric,Flaaffy,"a cute pokemon that is hard to catch, while it's free",15.57
Electric,Ampharos,"a cute pokemon that is hard to catch, while it's free",26.97
Grass,Bellossom,"a cute pokemon that is hard to catch, while it's free",87.93
Water,Marill,"a cute pokemon that is hard to catch, while it's free",1.67
Water,Azumarill,"a cute pokemon that is hard to catch, while it's free",4.89
Rock,Sudowoodo,"a cute pokemon that is hard to catch, while it's free",5.43
Water,Politoed,"a cute pokemon that is hard to catch, while it's free",8.23
Grass,Hoppip,"a cute pokemon that is hard to catch, while it's free",24.68
Grass,Skiploom,"a cute pokemon that is hard to catch, while it's free",9.53
Grass,Jumpluff,"a cute pokemon that is hard to catch, while it's free",17.32
Normal,Aipom,"a cute pokemon that is hard to catch, while it's free",83.37
Grass,Sunkern,"a cute pokemon that is hard to catch, while it's free",32.87
Grass,Sunflora,"a cute pokemon that is hard to catch, while it's free",6.87
Bug,Yanma,"a cute pokemon that is hard to catch, while it's free",9.67
Water,Wooper,"a cute pokemon that is hard to catch, while it's free",54.87
Water,Quagsire,"a cute pokemon that is hard to catch, while it's free",45.7
Psychic,Espeon,"a cute pokemon that is hard to catch, while it's free",34.45
Dark,Umbreon,"a cute pokemon that is hard to catch, while it's free",62.56
Dark,Murkrow,"a cute pokemon that is hard to catch, while it's free",4.67
Water,Slowking,"a cute pokemon that is hard to catch, while it's free",2.45
Ghost,Misdreavus,"a cute pokemon that is hard to catch, while it's free",87.43
Psychic,Unown,"a cute pokemon that is hard to catch, while it's free",23.9
Psychic,Wobbuffet,"a cute pokemon that is hard to catch, while it's free",23.78
Normal,Girafarig,"a cute pokemon that is hard to catch, while it's free",13.34
Bug,Pineco,"a cute pokemon that is hard to catch, while it's free",15.57
Bug,Forretress,"a cute pokemon that is hard to catch, while it's free",26.97
Normal,Dunsparce,"a cute pokemon that is hard to catch, while it's free",87.93
Ground,Gligar,"a cute pokemon that is hard to catch, while it's free",1.67
Steel,Steelix,"a cute pokemon that is hard to catch, while it's free",4.89
Fairy,Snubbull,"a cute pokemon that is hard to catch, while it's free",5.43
Fairy,Granbull,"a cute pokemon that is hard to catch, while it's free",8.23
Water,Qwilfish,"a cute pokemon that is hard to catch, while it's free",24.68
Bug,Scizor,"a cute pokemon that is hard to catch, while it's free",9.53
Bug,Shuckle,"a cute pokemon that is hard to catch, while it's free",17.32
Bug,Heracross,"a cute pokemon that is hard to catch, while it's free",83.37
Dark,Sneasel,"a cute pokemon that is hard to catch, while it's free",32.87
Normal,Teddiursa,"a cute pokemon that is hard to catch, while it's free",6.87
Normal,Ursaring,"a cute pokemon that is hard to catch, while it's free",9.67
Fire,Slugma,"a cute pokemon that is hard to catch, while it's free",54.87
Fire,Magcargo,"a cute pokemon that is hard to catch, while it's free",45.7
Ice,Swinub,"a cute pokemon that is hard to catch, while it's free",34.45
Ice,Piloswine,"a cute pokemon that is hard to catch, while it's free",62.56
Water,Corsola,"a cute pokemon that is hard to catch, while it's free",4.67
Water,Remoraid,"a cute pokemon that is hard to catch, while it's free",2.45
Water,Octillery,"a cute pokemon that is hard to catch, while it's free",87.43
Ice,Delibird,"a cute pokemon that is hard to catch, while it's free",23.9
Water,Mantine,"a cute pokemon that is hard to catch, while it's free",23.78
Steel,Skarmory,"a cute pokemon that is hard to catch, while it's free",13.34
Dark,Houndour,"a cute pokemon that is hard to catch, while it's free",15.57
Dark,Houndoom,"a cute pokemon that is hard to catch, while it's free",26.97
Water,Kingdra,"a cute pokemon that is hard to catch, while it's free",87.93
Ground,Phanpy,"a cute pokemon that is hard to catch, while it's free",1.67
Ground,Donphan,"a cute pokemon that is hard to catch, while it's free",4.89
Normal,Porygon2,"a cute pokemon that is hard to catch, while it's free",5.43
Normal,Stantler,"a cute pokemon that is hard to catch, while it's free",8.23
Normal,Smeargle,"a cute pokemon that is hard to catch, while it's free",24.68
Fighting,Tyrogue,"a cute pokemon that is hard to catch, while it's free",9.53
Fighting,Hitmontop,"a cute pokemon that is hard to catch, while it's free",17.32
Ice,Smoochum,"a cute pokemon that is hard to catch, while it's free",83.37
Electric,Elekid,"a cute pokemon that is hard to catch, while it's free",32.87
Fire,Magby,"a cute pokemon that is hard to catch, while it's free",6.87
Normal,Miltank,"a cute pokemon that is hard to catch, while it's free",9.67
Normal,Blissey,"a cute pokemon that is hard to catch, while it's free",54.87
Electric,Raikou,"a cute pokemon that is hard to catch, while it's free",45.7
Fire,Entei,"a cute pokemon that is hard to catch, while it's free",34.45
Water,Suicune,"a cute pokemon that is hard to catch, while it's free",62.56
Rock,Larvitar,"a cute pokemon that is hard to catch, while it's free",4.67
Rock,Pupitar,"a cute pokemon that is hard to catch, while it's free",2.45
Rock,Tyranitar,"a cute pokemon that is hard to catch, while it's free",87.43
Psychic,Lugia,"a cute pokemon that is hard to catch, while it's free",23.9
Fire,Ho-oh,"a cute pokemon that is hard to catch, while it's free",23.78
Psychic,Celebi,"a cute pokemon that is hard to catch, while it's free",13.34
Grass,Treecko,"a cute pokemon that is hard to catch, while it's free",15.57
Grass,Grovyle,"a cute pokemon that is hard to catch, while it's free",26.97
Grass,Sceptile,"a cute pokemon that is hard to catch, while it's free",87.93
Fire,Torchic,"a cute pokemon that is hard to catch, while it's free",1.67
Fire,Combusken,"a cute pokemon that is hard to catch, while it's free",4.89
Fire,Blaziken,"a cute pokemon that is hard to catch, while it's free",5.43
Water,Mudkip,"a cute pokemon that is hard to catch, while it's free",8.23
Water,Marshtomp,"a cute pokemon that is hard to catch, while it's free",24.68
Water,Swampert,"a cute pokemon that is hard to catch, while it's free",9.53
Dark,Poochyena,"a cute pokemon that is hard to catch, while it's free",17.32
Dark,Mightyena,"a cute pokemon that is hard to catch, while it's free",83.37
Normal,Zigzagoon,"a cute pokemon that is hard to catch, while it's free",32.87
Normal,Linoone,"a cute pokemon that is hard to catch, while it's free",6.87
Bug,Wurmple,"a cute pokemon that is hard to catch, while it's free",9.67
Bug,Silcoon,"a cute pokemon that is hard to catch, while it's free",54.87
Bug,Beautifly,"a cute pokemon that is hard to catch, while it's free",45.7
Bug,Cascoon,"a cute pokemon that is hard to catch, while it's free",34.45
Bug,Dustox,"a cute pokemon that is hard to catch, while it's free",62.56
Water,Lotad,"a cute pokemon that is hard to catch, while it's free",4.67
Water,Lombre,"a cute pokemon that is hard to catch, while it's free",2.45
Water,Ludicolo,"a cute pokemon that is hard to catch, while it's free",87.43
Grass,Seedot,"a cute pokemon that is hard to catch, while it's free",23.9
Grass,Nuzleaf,"a cute pokemon that is hard to catch, while it's free",23.78
Grass,Shiftry,"a cute pokemon that is hard to catch, while it's free",13.34
Normal,Taillow,"a cute pokemon that is hard to catch, while it's free",15.57
Normal,Swellow,"a cute pokemon that is hard to catch, while it's free",26.97
Water,Wingull,"a cute pokemon that is hard to catch, while it's free",87.93
Water,Pelipper,"a cute pokemon that is hard to catch, while it's free",1.67
Psychic,Ralts,"a cute pokemon that is hard to catch, while it's free",4.89
Psychic,Kirlia,"a cute pokemon that is hard to catch, while it's free",5.43
Psychic,Gardevoir,"a cute pokemon that is hard to catch, while it's free",8.23
Bug,Surskit,"a cute pokemon that is hard to catch, while it's free",24.68
Bug,Masquerain,"a cute pokemon that is hard to catch, while it's free",9.53
Grass,Shroomish,"a cute pokemon that is hard to catch, while it's free",17.32
Grass,Breloom,"a cute pokemon that is hard to catch, while it's free",83.37
Normal,Slakoth,"a cute pokemon that is hard to catch, while it's free",32.87
Normal,Vigoroth,"a cute pokemon that is hard to catch, while it's free",6.87
Normal,Slaking,"a cute pokemon that is hard to catch, while it's free",9.67
Bug,Nincada,"a cute pokemon that is hard to catch, while it's free",54.87
Bug,Ninjask,"a cute pokemon that is hard to catch, while it's free",45.7
Bug,Shedinja,"a cute pokemon that is hard to catch, while it's free",34.45
Normal,Whismur,"a cute pokemon that is hard to catch, while it's free",62.56
Normal,Loudred,"a cute pokemon that is hard to catch, while it's free",4.67
Normal,Exploud,"a cute pokemon that is hard to catch, while it's free",2.45
Fighting,Makuhita,"a cute pokemon that is hard to catch, while it's free",87.43
Fighting,Hariyama,"a cute pokemon that is hard to catch, while it's free",23.9
Normal,Azurill,"a cute pokemon that is hard to catch, while it's free",23.78
Rock,Nosepass,"a cute pokemon that is hard to catch, while it's free",13.34
Normal,Skitty,"a cute pokemon that is hard to catch, while it's free",15.57
Normal,Delcatty,"a cute pokemon that is hard to catch, while it's free",26.97
Dark,Sableye,"a cute pokemon that is hard to catch, while it's free",87.93
Steel,Mawile,"a cute pokemon that is hard to catch, while it's free",1.67
Steel,Aron,"a cute pokemon that is hard to catch, while it's free",4.89
Steel,Lairon,"a cute pokemon that is hard to catch, while it's free",5.43
Steel,Aggron,"a cute pokemon that is hard to catch, while it's free",8.23
Fighting,Meditite,"a cute pokemon that is hard to catch, while it's free",24.68
Fighting,Medicham,"a cute pokemon that is hard to catch, while it's free",9.53
Electric,Electrike,"a cute pokemon that is hard to catch, while it's free",17.32
Electric,Manectric,"a cute pokemon that is hard to catch, while it's free",83.37
Electric,Plusle,"a cute pokemon that is hard to catch, while it's free",32.87
Electric,Minun,"a cute pokemon that is hard to catch, while it's free",6.87
Bug,Volbeat,"a cute pokemon that is hard to catch, while it's free",9.67
Bug,Illumise,"a cute pokemon that is hard to catch, while it's free",54.87
Grass,Roselia,"a cute pokemon that is hard to catch, while it's free",45.7
Poison,Gulpin,"a cute pokemon that is hard to catch, while it's free",34.45
Poison,Swalot,"a cute pokemon that is hard to catch, while it's free",62.56
Water,Carvanha,"a cute pokemon that is hard to catch, while it's free",4.67
Water,Sharpedo,"a cute pokemon that is hard to catch, while it's free",2.45
Water,Wailmer,"a cute pokemon that is hard to catch, while it's free",87.43
Water,Wailord,"a cute pokemon that is hard to catch, while it's free",23.9
Fire,Numel,"a cute pokemon that is hard to catch, while it's free",23.78
Fire,Camerupt,"a cute pokemon that is hard to catch, while it's free",13.34
Fire,Torkoal,"a cute pokemon that is hard to catch, while it's free",15.57
Psychic,Spoink,"a cute pokemon that is hard to catch, while it's free",26.97
Psychic,Grumpig,"a cute pokemon that is hard to catch, while it's free",87.93
Normal,Spinda,"a cute pokemon that is hard to catch, while it's free",1.67
Ground,Trapinch,"a cute pokemon that is hard to catch, while it's free",4.89
Ground,Vibrava,"a cute pokemon that is hard to catch, while it's free",5.43
Ground,Flygon,"a cute pokemon that is hard to catch, while it's free",8.23
Grass,Cacnea,"a cute pokemon that is hard to catch, while it's free",24.68
Grass,Cacturne,"a cute pokemon that is hard to catch, while it's free",9.53
Normal,Swablu,"a cute pokemon that is hard to catch, while it's free",17.32
Dragon,Altaria,"a cute pokemon that is hard to catch, while it's free",83.37
Normal,Zangoose,"a cute pokemon that is hard to catch, while it's free",32.87
Poison,Seviper,"a cute pokemon that is hard to catch, while it's free",6.87
Rock,Lunatone,"a cute pokemon that is hard to catch, while it's free",9.67
Rock,Solrock,"a cute pokemon that is hard to catch, while it's free",54.87
Water,Barboach,"a cute pokemon that is hard to catch, while it's free",45.7
Water,Whiscash,"a cute pokemon that is hard to catch, while it's free",34.45
Water,Corphish,"a cute pokemon that is hard to catch, while it's free",62.56
Water,Crawdaunt,"a cute pokemon that is hard to catch, while it's free",4.67
Ground,Baltoy,"a cute pokemon that is hard to catch, while it's free",2.45
Ground,Claydol,"a cute pokemon that is hard to catch, while it's free",87.43
Rock,Lileep,"a cute pokemon that is hard to catch, while it's free",23.9
Rock,Cradily,"a cute pokemon that is hard to catch, while it's free",23.78
Rock,Anorith,"a cute pokemon that is hard to catch, while it's free",13.34
Rock,Armaldo,"a cute pokemon that is hard to catch, while it's free",15.57
Water,Feebas,"a cute pokemon that is hard to catch, while it's free",26.97
Water,Milotic,"a cute pokemon that is hard to catch, while it's free",87.93
Normal,Castform,"a cute pokemon that is hard to catch, while it's free",1.67
Normal,Kecleon,"a cute pokemon that is hard to catch, while it's free",4.89
Ghost,Shuppet,"a cute pokemon that is hard to catch, while it's free",5.43
Ghost,Banette,"a cute pokemon that is hard to catch, while it's free",8.23
Ghost,Duskull,"a cute pokemon that is hard to catch, while it's free",24.68
Ghost,Dusclops,"a cute pokemon that is hard to catch, while it's free",9.53
Grass,Tropius,"a cute pokemon that is hard to catch, while it's free",17.32
Psychic,Chimecho,"a cute pokemon that is hard to catch, while it's free",83.37
Dark,Absol,"a cute pokemon that is hard to catch, while it's free",32.87
Psychic,Wynaut,"a cute pokemon that is hard to catch, while it's free",6.87
Ice,Snorunt,"a cute pokemon that is hard to catch, while it's free",9.67
Ice,Glalie,"a cute pokemon that is hard to catch, while it's free",54.87
Ice,Spheal,"a cute pokemon that is hard to catch, while it's free",45.7
Ice,Sealeo,"a cute pokemon that is hard to catch, while it's free",34.45
Ice,Walrein,"a cute pokemon that is hard to catch, while it's free",62.56
Water,Clamperl,"a cute pokemon that is hard to catch, while it's free",4.67
Water,Huntail,"a cute pokemon that is hard to catch, while it's free",2.45
Water,Gorebyss,"a cute pokemon that is hard to catch, while it's free",87.43
Water,Relicanth,"a cute pokemon that is hard to catch, while it's free",23.9
Water,Luvdisc,"a cute pokemon that is hard to catch, while it's free",23.78
Dragon,Bagon,"a cute pokemon that is hard to catch, while it's free",13.34
Dragon,Shelgon,"a cute pokemon that is hard to catch, while it's free",15.57
Dragon,Salamence,"a cute pokemon that is hard to catch, while it's free",26.97
Steel,Beldum,"a cute pokemon that is hard to catch, while it's free",87.93
Steel,Metang,"a cute pokemon that is hard to catch, while it's free",1.67
Steel,Metagross,"a cute pokemon that is hard to catch, while it's free",4.89
Rock,Regirock,"a cute pokemon that is hard to catch, while it's free",5.43
Ice,Regice,"a cute pokemon that is hard to catch, while it's free",8.23
Steel,Registeel,"a cute pokemon that is hard to catch, while it's free",24.68
Dragon,Latias,"a cute pokemon that is hard to catch, while it's free",9.53
Dragon,Latios,"a cute pokemon that is hard to catch, while it's free",17.32
Water,Kyogre,"a cute pokemon that is hard to catch, while it's free",83.37
Ground,Groudon,"a cute pokemon that is hard to catch, while it's free",32.87
Dragon,Rayquaza,"a cute pokemon that is hard to catch, while it's free",6.87
Steel,Jirachi,"a cute pokemon that is hard to catch, while it's free",9.67
Psychic,Deoxys,"a cute pokemon that is hard to catch, while it's free",54.87
Grass,Turtwig,"a cute pokemon that is hard to catch, while it's free",45.7
Grass,Grotle,"a cute pokemon that is hard to catch, while it's free",34.45
Grass,Torterra,"a cute pokemon that is hard to catch, while it's free",62.56
Fire,Chimchar,"a cute pokemon that is hard to catch, while it's free",4.67
Fire,Monferno,"a cute pokemon that is hard to catch, while it's free",2.45
Fire,Infernape,"a cute pokemon that is hard to catch, while it's free",87.43
Water,Piplup,"a cute pokemon that is hard to catch, while it's free",23.9
Water,Prinplup,"a cute pokemon that is hard to catch, while it's free",23.78
Water,Empoleon,"a cute pokemon that is hard to catch, while it's free",13.34
Normal,Starly,"a cute pokemon that is hard to catch, while it's free",15.57
Normal,Staravia,"a cute pokemon that is hard to catch, while it's free",26.97
Normal,Staraptor,"a cute pokemon that is hard to catch, while it's free",87.93
Normal,Bidoof,"a cute pokemon that is hard to catch, while it's free",1.67
Normal,Bibarel,"a cute pokemon that is hard to catch, while it's free",4.89
Bug,Kricketot,"a cute pokemon that is hard to catch, while it's free",5.43
Bug,Kricketune,"a cute pokemon that is hard to catch, while it's free",8.23
Electric,Shinx,"a cute pokemon that is hard to catch, while it's free",24.68
Electric,Luxio,"a cute pokemon that is hard to catch, while it's free",9.53
Electric,Luxray,"a cute pokemon that is hard to catch, while it's free",17.32
Grass,Budew,"a cute pokemon that is hard to catch, while it's free",83.37
Grass,Roserade,"a cute pokemon that is hard to catch, while it's free",32.87
Rock,Cranidos,"a cute pokemon that is hard to catch, while it's free",6.87
Rock,Rampardos,"a cute pokemon that is hard to catch, while it's free",9.67
Rock,Shieldon,"a cute pokemon that is hard to catch, while it's free",54.87
Rock,Bastiodon,"a cute pokemon that is hard to catch, while it's free",45.7
Bug,Burmy,"a cute pokemon that is hard to catch, while it's free",34.45
Bug,Wormadam,"a cute pokemon that is hard to catch, while it's free",62.56
Bug,Mothim,"a cute pokemon that is hard to catch, while it's free",4.67
Bug,Combee,"a cute pokemon that is hard to catch, while it's free",2.45
Bug,Vespiquen,"a cute pokemon that is hard to catch, while it's free",87.43
Electric,Pachirisu,"a cute pokemon that is hard to catch, while it's free",23.9
Water,Buizel,"a cute pokemon that is hard to catch, while it's free",23.78
Water,Floatzel,"a cute pokemon that is hard to catch, while it's free",13.34
Grass,Cherubi,"a cute pokemon that is hard to catch, while it's free",15.57
Grass,Cherrim,"a cute pokemon that is hard to catch, while it's free",26.97
Water,Shellos,"a cute pokemon that is hard to catch, while it's free",87.93
Water,Gastrodon,"a cute pokemon that is hard to catch, while it's free",1.67
Normal,Ambipom,"a cute pokemon that is hard to catch, while it's free",4.89
Ghost,Drifloon,"a cute pokemon that is hard to catch, while it's free",5.43
Ghost,Drifblim,"a cute pokemon that is hard to catch, while it's free",8.23
Normal,Buneary,"a cute pokemon that is hard to catch, while it's free",24.68
Normal,Lopunny,"a cute pokemon that is hard to catch, while it's free",9.53
Ghost,Mismagius,"a cute pokemon that is hard to catch, while it's free",17.32
Dark,Honchkrow,"a cute pokemon that is hard to catch, while it's free",83.37
Normal,Glameow,"a cute pokemon that is hard to catch, while it's free",32.87
Normal,Purugly,"a cute pokemon that is hard to catch, while it's free",6.87
Psychic,Chingling,"a cute pokemon that is hard to catch, while it's free",9.67
Poison,Stunky,"a cute pokemon that is hard to catch, while it's free",54.87
Poison,Skuntank,"a cute pokemon that is hard to catch, while it's free",45.7
Steel,Bronzor,"a cute pokemon that is hard to catch, while it's free",34.45
Steel,Bronzong,"a cute pokemon that is hard to catch, while it's free",62.56
Rock,Bonsly,"a cute pokemon that is hard to catch, while it's free",4.67
Psychic,Mime Jr.,"a cute pokemon that is hard to catch, while it's free",2.45
Normal,Happiny,"a cute pokemon that is hard to catch, while it's free",87.43
Normal,Chatot,"a cute pokemon that is hard to catch, while it's free",23.9
Ghost,Spiritomb,"a cute pokemon that is hard to catch, while it's free",23.78
Dragon,Gible,"a cute pokemon that is hard to catch, while it's free",13.34
Dragon,Gabite,"a cute pokemon that is hard to catch, while it's free",15.57
Dragon,Garchomp,"a cute pokemon that is hard to catch, while it's free",26.97
Normal,Munchlax,"a cute pokemon that is hard to catch, while it's free",87.93
Fighting,Riolu,"a cute pokemon that is hard to catch, while it's free",1.67
Fighting,Lucario,"a cute pokemon that is hard to catch, while it's free",4.89
Ground,Hippopotas,"a cute pokemon that is hard to catch, while it's free",5.43
Ground,Hippowdon,"a cute pokemon that is hard to catch, while it's free",8.23
Poison,Skorupi,"a cute pokemon that is hard to catch, while it's free",24.68
Poison,Drapion,"a cute pokemon that is hard to catch, while it's free",9.53
Poison,Croagunk,"a cute pokemon that is hard to catch, while it's free",17.32
Poison,Toxicroak,"a cute pokemon that is hard to catch, while it's free",83.37
Grass,Carnivine,"a cute pokemon that is hard to catch, while it's free",32.87
Water,Finneon,"a cute pokemon that is hard to catch, while it's free",6.87
Water,Lumineon,"a cute pokemon that is hard to catch, while it's free",9.67
Water,Mantyke,"a cute pokemon that is hard to catch, while it's free",54.87
Grass,Snover,"a cute pokemon that is hard to catch, while it's free",45.7
Grass,Abomasnow,"a cute pokemon that is hard to catch, while it's free",34.45
Dark,Weavile,"a cute pokemon that is hard to catch, while it's free",62.56
Electric,Magnezone,"a cute pokemon that is hard to catch, while it's free",4.67
Normal,Lickilicky,"a cute pokemon that is hard to catch, while it's free",2.45
Ground,Rhyperior,"a cute pokemon that is hard to catch, while it's free",87.43
Grass,Tangrowth,"a cute pokemon that is hard to catch, while it's free",23.9
Electric,Electivire,"a cute pokemon that is hard to catch, while it's free",23.78
Fire,Magmortar,"a cute pokemon that is hard to catch, while it's free",13.34
Fairy,Togekiss,"a cute pokemon that is hard to catch, while it's free",15.57
Bug,Yanmega,"a cute pokemon that is hard to catch, while it's free",26.97
Grass,Leafeon,"a cute pokemon that is hard to catch, while it's free",87.93
Ice,Glaceon,"a cute pokemon that is hard to catch, while it's free",1.67
Ground,Gliscor,"a cute pokemon that is hard to catch, while it's free",4.89
Ice,Mamoswine,"a cute pokemon that is hard to catch, while it's free",5.43
Normal,Porygon-Z,"a cute pokemon that is hard to catch, while it's free",8.23
Psychic,Gallade,"a cute pokemon that is hard to catch, while it's free",24.68
Rock,Probopass,"a cute pokemon that is hard to catch, while it's free",9.53
Ghost,Dusknoir,"a cute pokemon that is hard to catch, while it's free",17.32
Ice,Froslass,"a cute pokemon that is hard to catch, while it's free",83.37
Electric,Rotom,"a cute pokemon that is hard to catch, while it's free",32.87
Psychic,Uxie,"a cute pokemon that is hard to catch, while it's free",6.87
Psychic,Mesprit,"a cute pokemon that is hard to catch, while it's free",9.67
Psychic,Azelf,"a cute pokemon that is hard to catch, while it's free",54.87
Steel,Dialga,"a cute pokemon that is hard to catch, while it's free",45.7
Water,Palkia,"a cute pokemon that is hard to catch, while it's free",34.45
Fire,Heatran,"a cute pokemon that is hard to catch, while it's free",62.56
Normal,Regigigas,"a cute pokemon that is hard to catch, while it's free",4.67
Ghost,Giratina,"a cute pokemon that is hard to catch, while it's free",2.45
Psychic,Cresselia,"a cute pokemon that is hard to catch, while it's free",87.43
Water,Phione,"a cute pokemon that is hard to catch, while it's free",23.9
Water,Manaphy,"a cute pokemon that is hard to catch, while it's free",23.78
Dark,Darkrai,"a cute pokemon that is hard to catch, while it's free",13.34
Grass,Shaymin,"a cute pokemon that is hard to catch, while it's free",15.57
Normal,Arceus,"a cute pokemon that is hard to catch, while it's free",26.97
Psychic,Victini,"a cute pokemon that is hard to catch, while it's free",87.93
Grass,Snivy,"a cute pokemon that is hard to catch, while it's free",1.67
Grass,Servine,"a cute pokemon that is hard to catch, while it's free",4.89
Grass,Serperior,"a cute pokemon that is hard to catch, while it's free",5.43
Fire,Tepig,"a cute pokemon that is hard to catch, while it's free",8.23
Fire,Pignite,"a cute pokemon that is hard to catch, while it's free",24.68
Fire,Emboar,"a cute pokemon that is hard to catch, while it's free",9.53
Water,Oshawott,"a cute pokemon that is hard to catch, while it's free",17.32
Water,Dewott,"a cute pokemon that is hard to catch, while it's free",83.37
Water,Samurott,"a cute pokemon that is hard to catch, while it's free",32.87
Normal,Patrat,"a cute pokemon that is hard to catch, while it's free",6.87
Normal,Watchog,"a cute pokemon that is hard to catch, while it's free",9.67
Normal,Lillipup,"a cute pokemon that is hard to catch, while it's free",54.87
Normal,Herdier,"a cute pokemon that is hard to catch, while it's free",45.7
Normal,Stoutland,"a cute pokemon that is hard to catch, while it's free",34.45
Dark,Purrloin,"a cute pokemon that is hard to catch, while it's free",62.56
Dark,Liepard,"a cute pokemon that is hard to catch, while it's free",4.67
Grass,Pansage,"a cute pokemon that is hard to catch, while it's free",2.45
Grass,Simisage,"a cute pokemon that is hard to catch, while it's free",87.43
Fire,Pansear,"a cute pokemon that is hard to catch, while it's free",23.9
Fire,Simisear,"a cute pokemon that is hard to catch, while it's free",23.78
Water,Panpour,"a cute pokemon that is hard to catch, while it's free",13.34
Water,Simipour,"a cute pokemon that is hard to catch, while it's free",15.57
Psychic,Munna,"a cute pokemon that is hard to catch, while it's free",26.97
Psychic,Musharna,"a cute pokemon that is hard to catch, while it's free",87.93
Normal,Pidove,"a cute pokemon that is hard to catch, while it's free",1.67
Normal,Tranquill,"a cute pokemon that is hard to catch, while it's free",4.89
Normal,Unfezant,"a cute pokemon that is hard to catch, while it's free",5.43
Electric,Blitzle,"a cute pokemon that is hard to catch, while it's free",8.23
Electric,Zebstrika,"a cute pokemon that is hard to catch, while it's free",24.68
Rock,Roggenrola,"a cute pokemon that is hard to catch, while it's free",9.53
Rock,Boldore,"a cute pokemon that is hard to catch, while it's free",17.32
Rock,Gigalith,"a cute pokemon that is hard to catch, while it's free",83.37
Psychic,Woobat,"a cute pokemon that is hard to catch, while it's free",32.87
Psychic,Swoobat,"a cute pokemon that is hard to catch, while it's free",6.87
Ground,Drilbur,"a cute pokemon that is hard to catch, while it's free",9.67
Ground,Excadrill,"a cute pokemon that is hard to catch, while it's free",54.87
Normal,Audino,"a cute pokemon that is hard to catch, while it's free",45.7
Fighting,Timburr,"a cute pokemon that is hard to catch, while it's free",34.45
Fighting,Gurdurr,"a cute pokemon that is hard to catch, while it's free",62.56
Fighting,Conkeldurr,"a cute pokemon that is hard to catch, while it's free",4.67
Water,Tympole,"a cute pokemon that is hard to catch, while it's free",2.45
Water,Palpitoad,"a cute pokemon that is hard to catch, while it's free",87.43
Water,Seismitoad,"a cute pokemon that is hard to catch, while it's free",23.9
Fighting,Throh,"a cute pokemon that is hard to catch, while it's free",23.78
Fighting,Sawk,"a cute pokemon that is hard to catch, while it's free",13.34
Bug,Sewaddle,"a cute pokemon that is hard to catch, while it's free",15.57
Bug,Swadloon,"a cute pokemon that is hard to catch, while it's free",26.97
Bug,Leavanny,"a cute pokemon that is hard to catch, while it's free",87.93
Bug,Venipede,"a cute pokemon that is hard to catch, while it's free",1.67
Bug,Whirlipede,"a cute pokemon that is hard to catch, while it's free",4.89
Bug,Scolipede,"a cute pokemon that is hard to catch, while it's free",5.43
Grass,Cottonee,"a cute pokemon that is hard to catch, while it's free",8.23
Grass,Whimsicott,"a cute pokemon that is hard to catch, while it's free",24.68
Grass,Petilil,"a cute pokemon that is hard to catch, while it's free",9.53
Grass,Lilligant,"a cute pokemon that is hard to catch, while it's free",17.32
Water,Basculin,"a cute pokemon that is hard to catch, while it's free",83.37
Ground,Sandile,"a cute pokemon that is hard to catch, while it's free",32.87
Ground,Krokorok,"a cute pokemon that is hard to catch, while it's free",6.87
Ground,Krookodile,"a cute pokemon that is hard to catch, while it's free",9.67
Fire,Darumaka,"a cute pokemon that is hard to catch, while it's free",54.87
Fire,Darmanitan,"a cute pokemon that is hard to catch, while it's free",45.7
Grass,Maractus,"a cute pokemon that is hard to catch, while it's free",34.45
Bug,Dwebble,"a cute pokemon that is hard to catch, while it's free",62.56
Bug,Crustle,"a cute pokemon that is hard to catch, while it's free",4.67
Dark,Scraggy,"a cute pokemon that is hard to catch, while it's free",2.45
Dark,Scrafty,"a cute pokemon that is hard to catch, while it's free",87.43
Psychic,Sigilyph,"a cute pokemon that is hard to catch, while it's free",23.9
Ghost,Yamask,"a cute pokemon that is hard to catch, while it's free",23.78
Ghost,Cofagrigus,"a cute pokemon that is hard to catch, while it's free",13.34
Water,Tirtouga,"a cute pokemon that is hard to catch, while it's free",15.57
Water,Carracosta,"a cute pokemon that is hard to catch, while it's free",26.97
Rock,Archen,"a cute pokemon that is hard to catch, while it's free",87.93
Rock,Archeops,"a cute pokemon that is hard to catch, while it's free",1.67
Poison,Trubbish,"a cute pokemon that is hard to catch, while it's free",4.89
Poison,Garbodor,"a cute pokemon that is hard to catch, while it's free",5.43
Dark,Zorua,"a cute pokemon that is hard to catch, while it's free",8.23
Dark,Zoroark,"a cute pokemon that is hard to catch, while it's free",24.68
Normal,Minccino,"a cute pokemon that is hard to catch, while it's free",9.53
Normal,Cinccino,"a cute pokemon that is hard to catch, while it's free",17.32
Psychic,Gothita,"a cute pokemon that is hard to catch, while it's free",83.37
Psychic,Gothorita,"a cute pokemon that is hard to catch, while it's free",32.87
Psychic,Gothitelle,"a cute pokemon that is hard to catch, while it's free",6.87
Psychic,Solosis,"a cute pokemon that is hard to catch, while it's free",9.67
Psychic,Duosion,"a cute pokemon that is hard to catch, while it's free",54.87
Psychic,Reuniclus,"a cute pokemon that is hard to catch, while it's free",45.7
Water,Ducklett,"a cute pokemon that is hard to catch, while it's free",34.45
Water,Swanna,"a cute pokemon that is hard to catch, while it's free",62.56
Ice,Vanillite,"a cute pokemon that is hard to catch, while it's free",4.67
Ice,Vanillish,"a cute pokemon that is hard to catch, while it's free",2.45
Ice,Vanilluxe,"a cute pokemon that is hard to catch, while it's free",87.43
Normal,Deerling,"a cute pokemon that is hard to catch, while it's free",23.9
Normal,Sawsbuck,"a cute pokemon that is hard to catch, while it's free",23.78
Electric,Emolga,"a cute pokemon that is hard to catch, while it's free",13.34
Bug,Karrablast,"a cute pokemon that is hard to catch, while it's free",15.57
Bug,Escavalier,"a cute pokemon that is hard to catch, while it's free",26.97
Grass,Foongus,"a cute pokemon that is hard to catch, while it's free",87.93
Grass,Amoonguss,"a cute pokemon that is hard to catch, while it's free",1.67
Water,Frillish,"a cute pokemon that is hard to catch, while it's free",4.89
Water,Jellicent,"a cute pokemon that is hard to catch, while it's free",5.43
Water,Alomomola,"a cute pokemon that is hard to catch, while it's free",8.23
Bug,Joltik,"a cute pokemon that is hard to catch, while it's free",24.68
Bug,Galvantula,"a cute pokemon that is hard to catch, while it's free",9.53
Grass,Ferroseed,"a cute pokemon that is hard to catch, while it's free",17.32
Grass,Ferrothorn,"a cute pokemon that is hard to catch, while it's free",83.37
Steel,Klink,"a cute pokemon that is hard to catch, while it's free",32.87
Steel,Klang,"a cute pokemon that is hard to catch, while it's free",6.87
Steel,Klinklang,"a cute pokemon that is hard to catch, while it's free",9.67
Electric,Tynamo,"a cute pokemon that is hard to catch, while it's free",54.87
Electric,Eelektrik,"a cute pokemon that is hard to catch, while it's free",45.7
Electric,Eelektross,"a cute pokemon that is hard to catch, while it's free",34.45
Psychic,Elgyem,"a cute pokemon that is hard to catch, while it's free",62.56
Psychic,Beheeyem,"a cute pokemon that is hard to catch, while it's free",4.67
Ghost,Litwick,"a cute pokemon that is hard to catch, while it's free",2.45
Ghost,Lampent,"a cute pokemon that is hard to catch, while it's free",87.43
Ghost,Chandelure,"a cute pokemon that is hard to catch, while it's free",23.9
Dragon,Axew,"a cute pokemon that is hard to catch, while it's free",23.78
Dragon,Fraxure,"a cute pokemon that is hard to catch, while it's free",13.34
Dragon,Haxorus,"a cute pokemon that is hard to catch, while it's free",15.57
Ice,Cubchoo,"a cute pokemon that is hard to catch, while it's free",26.97
Ice,Beartic,"a cute pokemon that is hard to catch, while it's free",87.93
Ice,Cryogonal,"a cute pokemon that is hard to catch, while it's free",1.67
Bug,Shelmet,"a cute pokemon that is hard to catch, while it's free",4.89
Bug,Accelgor,"a cute pokemon that is hard to catch, while it's free",5.43
Ground,Stunfisk,"a cute pokemon that is hard to catch, while it's free",8.23
Fighting,Mienfoo,"a cute pokemon that is hard to catch, while it's free",24.68
Fighting,Mienshao,"a cute pokemon that is hard to catch, while it's free",9.53
Dragon,Druddigon,"a cute pokemon that is hard to catch, while it's free",17.32
Ground,Golett,"a cute pokemon that is hard to catch, while it's free",83.37
Ground,Golurk,"a cute pokemon that is hard to catch, while it's free",32.87
Dark,Pawniard,"a cute pokemon that is hard to catch, while it's free",6.87
Dark,Bisharp,"a cute pokemon that is hard to catch, while it's free",9.67
Normal,Bouffalant,"a cute pokemon that is hard to catch, while it's free",54.87
Normal,Rufflet,"a cute pokemon that is hard to catch, while it's free",45.7
Normal,Braviary,"a cute pokemon that is hard to catch, while it's free",34.45
Dark,Vullaby,"a cute pokemon that is hard to catch, while it's free",62.56
Dark,Mandibuzz,"a cute pokemon that is hard to catch, while it's free",4.67
Fire,Heatmor,"a cute pokemon that is hard to catch, while it's free",2.45
Bug,Durant,"a cute pokemon that is hard to catch, while it's free",87.43
Dark,Deino,"a cute pokemon that is hard to catch, while it's free",23.9
Dark,Zweilous,"a cute pokemon that is hard to catch, while it's free",23.78
Dark,Hydreigon,"a cute pokemon that is hard to catch, while it's free",13.34
Bug,Larvesta,"a cute pokemon that is hard to catch, while it's free",15.57
Bug,Volcarona,"a cute pokemon that is hard to catch, while it's free",26.97
Steel,Cobalion,"a cute pokemon that is hard to catch, while it's free",87.93
Rock,Terrakion,"a cute pokemon that is hard to catch, while it's free",1.67
Grass,Virizion,"a cute pokemon that is hard to catch, while it's free",4.89
Flying,Tornadus,"a cute pokemon that is hard to catch, while it's free",5.43
Electric,Thundurus,"a cute pokemon that is hard to catch, while it's free",8.23
Dragon,Reshiram,"a cute pokemon that is hard to catch, while it's free",24.68
Dragon,Zekrom,"a cute pokemon that is hard to catch, while it's free",9.53
Ground,Landorus,"a cute pokemon that is hard to catch, while it's free",17.32
Dragon,Kyurem,"a cute pokemon that is hard to catch, while it's free",83.37
Water,Keldeo,"a cute pokemon that is hard to catch, while it's free",32.87
Normal,Meloetta,"a cute pokemon that is hard to catch, while it's free",6.87
Bug,Genesect,"a cute pokemon that is hard to catch, while it's free",9.67
Grass,Chespin,"a cute pokemon that is hard to catch, while it's free",54.87
Grass,Quilladin,"a cute pokemon that is hard to catch, while it's free",45.7
Grass,Chesnaught,"a cute pokemon that is hard to catch, while it's free",34.45
Fire,Fennekin,"a cute pokemon that is hard to catch, while it's free",62.56
Fire,Braixen,"a cute pokemon that is hard to catch, while it's free",4.67
Fire,Delphox,"a cute pokemon that is hard to catch, while it's free",2.45
Water,Froakie,"a cute pokemon that is hard to catch, while it's free",87.43
Water,Frogadier,"a cute pokemon that is hard to catch, while it's free",23.9
Water,Greninja,"a cute pokemon that is hard to catch, while it's free",23.78
Normal,Bunnelby,"a cute pokemon that is hard to catch, while it's free",13.34
Normal,Diggersby,"a cute pokemon that is hard to catch, while it's free",15.57
Normal,Fletchling,"a cute pokemon that is hard to catch, while it's free",26.97
Fire,Fletchinder,"a cute pokemon that is hard to catch, while it's free",87.93
Fire,Talonflame,"a cute pokemon that is hard to catch, while it's free",1.67
Bug,Scatterbug,"a cute pokemon that is hard to catch, while it's free",4.89
Bug,Spewpa,"a cute pokemon that is hard to catch, while it's free",5.43
Bug,Vivillon,"a cute pokemon that is hard to catch, while it's free",8.23
Fire,Litleo,"a cute pokemon that is hard to catch, while it's free",24.68
Fire,Pyroar,"a cute pokemon that is hard to catch, while it's free",9.53
Fairy,FlabÃ©bÃ©,"a cute pokemon that is hard to catch, while it's free",17.32
Fairy,Floette,"a cute pokemon that is hard to catch, while it's free",83.37
Fairy,Florges,"a cute pokemon that is hard to catch, while it's free",32.87
Grass,Skiddo,"a cute pokemon that is hard to catch, while it's free",6.87
Grass,Gogoat,"a cute pokemon that is hard to catch, while it's free",9.67
Fighting,Pancham,"a cute pokemon that is hard to catch, while it's free",54.87
Fighting,Pangoro,"a cute pokemon that is hard to catch, while it's free",45.7
Normal,Furfrou,"a cute pokemon that is hard to catch, while it's free",34.45
Psychic,Espurr,"a cute pokemon that is hard to catch, while it's free",62.56
Psychic,Meowstic,"a cute pokemon that is hard to catch, while it's free",4.67
Steel,Honedge,"a cute pokemon that is hard to catch, while it's free",2.45
Steel,Doublade,"a cute pokemon that is hard to catch, while it's free",87.43
Steel,Aegislash,"a cute pokemon that is hard to catch, while it's free",23.9
Fairy,Spritzee,"a cute pokemon that is hard to catch, while it's free",23.78
Fairy,Aromatisse,"a cute pokemon that is hard to catch, while it's free",13.34
Fairy,Swirlix,"a cute pokemon that is hard to catch, while it's free",15.57
Fairy,Slurpuff,"a cute pokemon that is hard to catch, while it's free",26.97
Dark,Inkay,"a cute pokemon that is hard to catch, while it's free",87.93
Dark,Malamar,"a cute pokemon that is hard to catch, while it's free",1.67
Rock,Binacle,"a cute pokemon that is hard to catch, while it's free",4.89
Rock,Barbaracle,"a cute pokemon that is hard to catch, while it's free",5.43
Poison,Skrelp,"a cute pokemon that is hard to catch, while it's free",8.23
Poison,Dragalge,"a cute pokemon that is hard to catch, while it's free",24.68
Water,Clauncher,"a cute pokemon that is hard to catch, while it's free",9.53
Water,Clawitzer,"a cute pokemon that is hard to catch, while it's free",17.32
Electric,Helioptile,"a cute pokemon that is hard to catch, while it's free",83.37
Electric,Heliolisk,"a cute pokemon that is hard to catch, while it's free",32.87
Rock,Tyrunt,"a cute pokemon that is hard to catch, while it's free",6.87
Rock,Tyrantrum,"a cute pokemon that is hard to catch, while it's free",9.67
Rock,Amaura,"a cute pokemon that is hard to catch, while it's free",54.87
Rock,Aurorus,"a cute pokemon that is hard to catch, while it's free",45.7
Fairy,Sylveon,"a cute pokemon that is hard to catch, while it's free",34.45
Fighting,Hawlucha,"a cute pokemon that is hard to catch, while it's free",62.56
Electric,Dedenne,"a cute pokemon that is hard to catch, while it's free",4.67
Rock,Carbink,"a cute pokemon that is hard to catch, while it's free",2.45
Dragon,Goomy,"a cute pokemon that is hard to catch, while it's free",87.43
Dragon,Sliggoo,"a cute pokemon that is hard to catch, while it's free",23.9
Dragon,Goodra,"a cute pokemon that is hard to catch, while it's free",23.78
Steel,Klefki,"a cute pokemon that is hard to catch, while it's free",13.34
Ghost,Phantump,"a cute pokemon that is hard to catch, while it's free",15.57
Ghost,Trevenant,"a cute pokemon that is hard to catch, while it's free",26.97
Ghost,Pumpkaboo,"a cute pokemon that is hard to catch, while it's free",87.93
Ghost,Gourgeist,"a cute pokemon that is hard to catch, while it's free",1.67
Ice,Bergmite,"a cute pokemon that is hard to catch, while it's free",4.89
Ice,Avalugg,"a cute pokemon that is hard to catch, while it's free",5.43
Flying,Noibat,"a cute pokemon that is hard to catch, while it's free",8.23
Flying,Noivern,"a cute pokemon that is hard to catch, while it's free",24.68
Fairy,Xerneas,"a cute pokemon that is hard to catch, while it's free",9.53
Dark,Yveltal,"a cute pokemon that is hard to catch, while it's free",17.32
Dragon,Zygarde,"a cute pokemon that is hard to catch, while it's free",83.37
Rock,Diancie,"a cute pokemon that is hard to catch, while it's free",32.87
Psychic,Hoopa,"a cute pokemon that is hard to catch, while it's free",24.68
Fire,Volcanion,"a cute pokemon that is hard to catch, while it's free",9.53